Quarter,Focus Area,Key Features,Priority,Resource Requirements
Q1,Core Platform,"User Management, Basic Coaching Tools",High,Solo Development
Q2,Team Features,"Collaboration Tools, Team Analytics",Medium,Solo + Possible Contractor
Q3,Enterprise Features,"Custom Branding, Advanced Security",Medium,Technical Partnership
Q4,Scale & Automation,"API Integration, Advanced Analytics",High,Additional Developer

Feature Priority List:
1. Essential coaching management tools
2. Payment and subscription handling
3. Basic analytics and reporting
4. Team collaboration features
5. Enterprise customization
6. Advanced integrations